delay,pi_A,pi_O,w_A,w_O,avg_block_interval
300000,0.10616,0.89384,0.999717,0.00657836,597561
600000,0.11278,0.88722,0.999025,0.0149906,598157
900000,0.12194,0.87806,0.997868,0.0257044,599735
1200000,0.13492,0.86508,0.998369,0.0389328,601573
1500000,0.15118,0.84882,0.997883,0.0551943,601137
1800000,0.16763,0.83237,0.997077,0.0753031,598979
2100000,0.18237,0.81763,0.995833,0.0928048,600470
2400000,0.20499,0.79501,0.995414,0.113986,599982
