delay,pi_A,pi_O,w_A,w_O
200000,0.92407,0.07593,1,0.242328
300000,0.93508,0.06492,1,0.345656
600000,0.95719,0.04281,1,0.572063
900000,0.97241,0.02759,0.99999,0.744473
1200000,0.98265,0.01735,1,0.841499
1500000,0.98893,0.01107,1,0.895212
1800000,0.99347,0.00653,1,0.921899
