delay,pi_A,pi_O,w_A,w_O,avg_block_interval
5100000,0.99974,0.00026,1,0.961538,305562
5400000,0.99984,0.00016,1,1,305754
5700000,0.99992,8e-05,1,1,306959
6000000,0.99983,0.00017,1,1,306271
