delay,pi_A,pi_O,w_A,w_O
2100000,0.98188,0.01812,1,0.959713
2400000,0.98867,0.01133,0.99999,0.945278
2700000,0.99284,0.00716,1,0.97067
3000000,0.99585,0.00415,1,0.990361
3300000,0.99733,0.00267,1,0.977528
3600000,0.99832,0.00168,1,0.988095
3900000,0.99885,0.00115,1,1
