delay,pi_A,pi_O,w_A,w_O,avg_block_interval
2400000,0.85048,0.14952,0.982257,0.700575,177614
2700000,0.8782,0.1218,0.987099,0.760427,176936
3000000,0.90738,0.09262,0.992407,0.782984,177074
3300000,0.92067,0.07933,0.993298,0.804362,175757
3600000,0.93827,0.06173,0.99465,0.829256,175951
3900000,0.95012,0.04988,0.996085,0.835004,176403
4200000,0.95879,0.04121,0.996756,0.835962,176370
4500000,0.96645,0.03355,0.998148,0.859911,175211
