delay,pi_A,pi_O,w_A,w_O
3600000,0.78779,0.21223,0.952348,0.611554
3900000,0.807,0.193,0.957175,0.626684
4200000,0.82701,0.17306,0.966324,0.676702
4500000,0.84504,0.15496,0.975658,0.706763
4800000,0.86095,0.13905,0.975097,0.737864
5100000,0.88119,0.11898,0.974773,0.676248
5400000,0.88672,0.11394,0.98464,0.737581
5700000,0.89657,0.10374,0.980593,0.706189
