delay,pi_A,pi_O,w_A,w_O
60000,0.16822,0.83178,0.995898,0.00305369
66666,0.16755,0.83245,0.997016,0.00349571
75000,0.1696,0.8304,0.994811,0.00425096
85714,0.17093,0.82907,0.993857,0.00481262
100000,0.17029,0.82971,0.992425,0.00606236
