delay,pi_A,pi_O,w_A,w_O,avg_block_interval,avg_mainchain_interval
5700000,0.74167,0.25833,0.956423,0.591259,601805,2.07167e+06
6000000,0.75585,0.24415,0.959476,0.613844,599928,2.07432e+06
