delay,pi_A,pi_O,w_A,w_O
1800000,0.60045,0.39955,0.886419,0.401352
2100000,0.63828,0.36172,0.897004,0.449353
2400000,0.67401,0.32599,0.908206,0.473696
2700000,0.69902,0.30098,0.918886,0.504818
3000000,0.73004,0.26996,0.930278,0.54497
3300000,0.75223,0.24777,0.93946,0.580861
3600000,0.78078,0.21922,0.954597,0.629915
3900000,0.81396,0.18604,0.962357,0.65072
