delay,pi_A,pi_O,w_A,w_O,avg_block_interval
60000,0.1023,0.8977,1,0.000969143,598256
66666,0.10121,0.89879,0.999901,0.00119049,599078
75000,0.10165,0.89835,1,0.00125786,597733
85714,0.09993,0.90007,1,0.0016221,602500
100000,0.10039,0.89961,1,0.00166739,599366
120000,0.10199,0.89801,0.999902,0.00201557,600131
150000,0.10408,0.89592,0.99952,0.00279043,601176
200000,0.10155,0.89845,0.999508,0.00362847,599176
