Time,Proportion
600006365,0.48315
1200036525,0.48338
1800152250,0.49146
2400173856,0.49288
3000195335,0.49592
3600196359,0.49534
4200240294,0.49164
4800265629,0.49108
5400311249,0.49255
