delay,pi_A,pi_O,w_A,w_O,avg_block_interval
2700000,0.99324,0.00676,1,0.971893,304864
3000000,0.99561,0.00439,1,0.968109,306538
3300000,0.9975,0.0025,1,0.98,306469
3600000,0.99823,0.00177,1,0.960452,306600
3900000,0.99908,0.00092,1,0.978261,307532
4200000,0.99927,0.00073,1,0.972603,305387
4500000,0.99949,0.00051,1,1,305762
4800000,0.99969,0.00031,1,1,305178
