delay,pi_A,pi_O,w_A,w_O
67500,0.99299,0.00701,0.99999,0.990014
75000,0.9961,0.0039,1,0.984615
82500,0.99789,0.00211,1,0.995261
90000,0.99871,0.00129,1,1
97500,0.99924,0.00076,1,0.986842
105000,0.99959,0.00041,1,1
