delay,pi_A,pi_O,w_A,w_O,avg_block_interval
6000,0.27879,0.72121,0.999426,0.000984457,595292
12000,0.27887,0.72113,0.998853,0.00142831,590519
24000,0.28155,0.71845,0.996697,0.00320134,580474
60000,0.28548,0.71452,0.99394,0.00856519,551212
