delay,pi_A,pi_O,w_A,w_O
5100000,0.99249,0.00751,1,0.990679
5400000,0.99448,0.00552,1,0.981884
5700000,0.99562,0.00438,1,0.995434
6000000,0.99647,0.00353,1,0.994334
