delay,pi_A,pi_O,w_A,w_O,avg_block_interval
1500,0.51315,0.48685,0.999961,0.0263736,14378
1666,0.51778,0.48222,0.999961,0.0307329,14332.5
1875,0.51614,0.48386,0.999903,0.0340801,14324.7
2142,0.51899,0.48101,0.999961,0.0392507,14285.1
2500,0.52476,0.47524,0.999943,0.0461451,14224.4
3000,0.52568,0.47432,0.999886,0.0546888,14154
3750,0.53606,0.46394,0.999925,0.0709143,13996.4
5000,0.54834,0.45166,0.999964,0.0997875,13700.8
