delay,pi_A,pi_O,w_A,w_O
120000,0.17131,0.82869,0.991244,0.00732481
150000,0.17272,0.82728,0.989694,0.0102021
200000,0.17691,0.82309,0.983551,0.0151259
300000,0.18909,0.81091,0.969485,0.0327287
600000,0.28771,0.71229,0.906642,0.152199
900000,0.40792,0.59208,0.864336,0.261384
1200000,0.49165,0.50835,0.857846,0.316396
1500000,0.55262,0.44738,0.873421,0.367942
