delay,pi_A,pi_O,w_A,w_O,avg_block_interval,avg_mainchain_interval
60000,0.28479,0.71521,0.993364,0.00812349,599592,648917
66666,0.28511,0.71489,0.993125,0.00896641,601195,656178
75000,0.28311,0.71689,0.991558,0.0100434,600210,662164
85714,0.28714,0.71286,0.990597,0.0113066,601014,671104
100000,0.28995,0.71005,0.990067,0.0141117,597707,679892
120000,0.28697,0.71303,0.989128,0.0157637,601053,699284
150000,0.28774,0.71226,0.985091,0.0217196,600040,722635
200000,0.29387,0.70613,0.977167,0.0269497,596169,758361
