delay,pi_A,pi_O,w_A,w_O,avg_block_interval,avg_mainchain_interval
300000,0.30135,0.69865,0.969504,0.0421241,599418,837865
600000,0.32877,0.67123,0.945494,0.0882261,598289,1.03966e+06
900000,0.36045,0.63955,0.927896,0.136659,597376,1.20733e+06
1200000,0.38779,0.61221,0.915934,0.17971,602446,1.3568e+06
1500000,0.4197,0.5803,0.911127,0.219197,600141,1.47046e+06
1800000,0.45112,0.54888,0.909802,0.259638,598464,1.57212e+06
2100000,0.48411,0.51589,0.91568,0.304929,598303,1.64725e+06
2400000,0.51143,0.48857,0.911171,0.32982,599034,1.72673e+06
