delay,pi_A,pi_O,w_A,w_O,avg_block_interval
5100000,0.99998,2e-05,1,1,599370
5400000,0.99998,2e-05,1,1,597974
5700000,0.99998,2e-05,1,1,600162
6000000,1,0,1,0,600470
