delay,pi_A,pi_O,w_A,w_O
2700000,0.33038,0.66962,0.885405,0.195917
3000000,0.35088,0.64912,0.877023,0.215769
3300000,0.36875,0.63125,0.876475,0.232412
3600000,0.38359,0.61641,0.871086,0.241738
3900000,0.39885,0.60115,0.86767,0.25749
4200000,0.41819,0.58181,0.864153,0.267991
4500000,0.4308,0.5692,0.857637,0.279181
4800000,0.44093,0.55907,0.858798,0.283363
