delay,pi_A,pi_O,w_A,w_O
4800000,0.99886,0.00114,1,1
5100000,0.99919,0.00081,1,1
5400000,0.99933,0.00067,1,1
5700000,0.9996,0.0004,1,1
6000000,0.99976,0.00024,1,1
