delay,pi_A,pi_O,w_A,w_O,avg_block_interval
60000,0.90773,0.09227,1,0.0778151,601185
66666,0.90817,0.09183,1,0.0857018,601214
75000,0.90924,0.09076,1,0.0986117,601361
85714,0.9095,0.0905,1,0.10663,600585
100000,0.91303,0.08697,1,0.12947,602539
120000,0.91418,0.08582,1,0.152062,598496
150000,0.91732,0.08268,0.999989,0.193396,596660
200000,0.92302,0.07698,1,0.240972,597541
