delay,pi_A,pi_O,w_A,w_O
2700000,0.94064,0.05936,0.999989,0.875
3000000,0.95327,0.04673,0.99999,0.904772
3300000,0.96507,0.03493,1,0.936444
3600000,0.97255,0.02745,1,0.950455
3900000,0.97909,0.02091,0.99999,0.960784
4200000,0.98403,0.01597,1,0.971196
4500000,0.98716,0.01284,1,0.985202
4800000,0.99024,0.00976,1,0.984631
