delay,pi_A,pi_O,w_A,w_O
300000,0.77137,0.22863,0.999987,0.240257
600000,0.83141,0.16859,0.999988,0.440655
900000,0.88198,0.11802,0.999989,0.610913
1200000,0.91843,0.08157,1,0.730416
1500000,0.94266,0.05734,0.999979,0.802581
1800000,0.96028,0.03972,0.99999,0.863545
2100000,0.97309,0.02691,1,0.904868
2400000,0.98126,0.01874,1,0.925827
