delay,pi_A,pi_O,w_A,w_O
60000,0.38398,0.61602,0.982577,0.0154378
66666,0.38524,0.61476,0.980869,0.0178118
75000,0.38585,0.61415,0.979578,0.0197834
85714,0.38725,0.61275,0.97774,0.0225867
100000,0.388,0.612,0.97116,0.0282353
120000,0.38993,0.61007,0.966917,0.0339141
150000,0.39476,0.60524,0.956632,0.0425286
200000,0.3968,0.6032,0.942187,0.0573773
