delay,pi_A,pi_O,w_A,w_O
60000,0.51493,0.48507,0.999942,0.0271507
66666,0.51634,0.48366,1,0.030538
75000,0.51742,0.48258,0.999981,0.0343984
85714,0.52179,0.47821,0.999962,0.0398151
100000,0.52749,0.47251,0.999981,0.0496921
120000,0.53147,0.46853,0.999981,0.0600175
150000,0.53887,0.46113,0.999963,0.0810834
