delay,pi_A,pi_O,w_A,w_O,avg_block_interval
2700000,0.22259,0.77741,0.995283,0.136543,599107
5400000,0.44945,0.55055,0.995394,0.382672,600570
5700000,0.47116,0.52884,0.995713,0.412563,599771
6000000,0.49163,0.50837,0.994467,0.432874,601023
