delay,pi_A,pi_O,w_A,w_O
60000,0.16581,0.83419,0.996321,0.00326065
66666,0.16564,0.83436,0.995895,0.00327197
75000,0.16743,0.83257,0.995282,0.00434798
85714,0.1684,0.8316,0.994893,0.00501443
100000,0.16823,0.83177,0.994175,0.00549431
120000,0.16958,0.83042,0.992275,0.00773103
150000,0.17248,0.82752,0.99026,0.00995746
200000,0.17404,0.82596,0.984199,0.0161267
