delay,pi_A,pi_O,w_A,w_O
5100000,0.41723,0.58277,0.994248,0.353742
5400000,0.44348,0.55652,0.995017,0.384802
5700000,0.46959,0.53041,0.994293,0.409551
6000000,0.49607,0.50393,0.994839,0.43635
