delay,pi_A,pi_O,w_A,w_O,avg_block_interval
60000,0.51493,0.48507,0.999942,0.0271507,556898
66666,0.51634,0.48366,1,0.030538,552310
75000,0.51742,0.48258,0.999981,0.0343984,548537
85714,0.52179,0.47821,0.999962,0.0398151,540270
100000,0.52749,0.47251,0.999981,0.0496921,530952
120000,0.53147,0.46853,0.999981,0.0600175,517751
150000,0.53887,0.46113,0.999963,0.0810834,499317
200000,0.55374,0.44626,0.999946,0.114799,469276
