delay,pi_A,pi_O,w_A,w_O,avg_block_interval
300000,0.60173,0.39827,0.999801,0.201195,419889
600000,0.7471,0.2529,0.999893,0.497509,338618
900000,0.85417,0.14583,0.999906,0.698896,317210
1200000,0.91627,0.08373,0.999989,0.825272,309347
1500000,0.95129,0.04871,0.999968,0.888729,307544
1800000,0.97016,0.02984,0.999979,0.928954,305260
2100000,0.98243,0.01757,1,0.950484,306012
2400000,0.98885,0.01115,1,0.960538,305839
