delay,pi_A,pi_O,w_A,w_O
60000,0.16644,0.83356,0.996936,0.00297519
66666,0.1655,0.8345,0.996435,0.00319952
75000,0.16802,0.83198,0.995834,0.00352172
85714,0.16852,0.83148,0.995965,0.00416125
100000,0.16658,0.83342,0.994957,0.00475151
120000,0.16809,0.83191,0.99417,0.00555349
150000,0.16978,0.83022,0.993344,0.00729927
200000,0.1716,0.8284,0.989044,0.00937953
