delay,pi_A,pi_O,w_A,w_O,avg_block_interval
60000,0.28463,0.71537,0.993676,0.00898836,551667
66666,0.28391,0.71609,0.992709,0.00953791,545580
75000,0.28531,0.71469,0.990116,0.0112077,539495
85714,0.28596,0.71404,0.989684,0.0129545,530161
100000,0.28609,0.71391,0.988605,0.01524,518861
120000,0.2908,0.7092,0.984938,0.0197265,503139
150000,0.29238,0.70762,0.981189,0.0262005,479696
200000,0.29706,0.70294,0.972295,0.0397047,443198
