delay,pi_A,pi_O,w_A,w_O
300000,0.566599,0.433401,0.997617,0.136566
