delay,pi_A,pi_O,w_A,w_O
2700000,0.98681,0.01319,1,0.952995
3000000,0.99056,0.00944,1,0.966102
3300000,0.99347,0.00653,1,0.986217
3600000,0.99541,0.00459,1,0.989107
3900000,0.99697,0.00303,1,0.990099
4200000,0.99746,0.00254,1,0.992126
4500000,0.99855,0.00145,1,1
