delay,pi_A,pi_O,w_A,w_O
7500,0.60123,0.39877,0.999917,0.197332
15000,0.7476,0.2524,0.999893,0.502139
22500,0.85491,0.14509,0.99993,0.702943
30000,0.91671,0.08329,0.999989,0.823748
37500,0.95139,0.04861,1,0.899609
45000,0.97153,0.02847,1,0.938181
52500,0.98282,0.01718,1,0.961001
60000,0.98949,0.01051,1,0.972407
