delay,pi_A,pi_O,w_A,w_O,avg_block_interval
67500,0.99299,0.00701,0.99999,0.990014,7774.02
75000,0.9961,0.0039,1,0.984615,7628.46
82500,0.99789,0.00211,1,0.995261,7486.79
90000,0.99871,0.00129,1,1,7460.92
97500,0.99924,0.00076,1,0.986842,7410.47
105000,0.99959,0.00041,1,1,7357.52
112500,0.99966,0.00034,1,1,7336.47
120000,0.99984,0.00016,1,1,7318.01
