delay,pi_A,pi_O,w_A,w_O
300000,0.594192,0.405808,0.994202,0.193562
