delay,pi_A,pi_O,w_A,w_O
59905,0.57506,0.42494,0.999513,0.0335341
119809,0.59506,0.40494,0.999042,0.0738875
599809,0.78085,0.21915,0.998527,0.506776
2999809,0.99584,0.00416,1,0.980769
5999873,0.99994,6e-05,1,1
