delay,pi_A,pi_O,w_A,w_O
3000000,0.96851,0.03149,0.999845,0.927088
4500000,0.992286,0.007714,0.999987,0.981592
6000000,0.998108,0.001892,0.999997,0.994715
0,0.561869,0.438131,0.999998,0
