delay,pi_A,pi_O,w_A,w_O
2850000,0.994965,0.005035,0.999997,0.988083
3000000,0.995973,0.004027,1,0.991557
4500000,0.999651,0.000349,1,1
6000000,0.999969,3.1e-05,1,1
