delay,pi_A,pi_O,w_A,w_O
300000,0.598471,0.401529,0.998576,0.201012
600000,0.746441,0.253559,0.998589,0.492903
1500000,0.950659,0.049341,0.999781,0.896354
3000000,0.996113,0.003887,0.999997,0.990738
4500000,0.99962,0.00038,1,1
6000000,0.999947,5.3e-05,1,1
7500000,0.999995,5e-06,1,1
9000000,1,0,1,0
1050000,0.889058,0.110942,0.9994,0.777965
1200000,0.915946,0.084054,0.999651,0.829633
