delay,pi_A,pi_O,w_A,w_O
1350000,0.935594,0.064406,0.999725,0.868522
1500000,0.95085,0.04915,0.999811,0.900712
1650000,0.962033,0.037967,0.999863,0.923723
1800000,0.970434,0.029566,0.999919,0.938781
1950000,0.977165,0.022835,0.999946,0.951171
2100000,0.982418,0.017582,0.999953,0.963884
2250000,0.986193,0.013807,0.999984,0.971898
2400000,0.989301,0.010699,0.999988,0.974016
2550000,0.99159,0.00841,0.999991,0.97931
2700000,0.993408,0.006592,0.999994,0.984982
