delay,pi_A,pi_O,w_A,w_O
60000,0.71318,0.28682,0.999986,0.0496827
66666,0.71589,0.28411,1,0.0549787
75000,0.71769,0.28231,1,0.0573483
85714,0.72217,0.27783,0.999986,0.0685671
100000,0.72478,0.27522,0.999972,0.0817528
120000,0.72794,0.27206,0.999973,0.0957877
150000,0.73666,0.26334,0.999986,0.120908
200000,0.74899,0.25101,0.999987,0.161109
