delay,pi_A,pi_O,w_A,w_O,avg_block_interval
300000,0.93482,0.06518,1,0.352716,599537
600000,0.95778,0.04222,1,0.578636,601242
900000,0.97263,0.02737,1,0.724151,599553
1200000,0.98295,0.01705,1,0.817595,598801
1500000,0.98899,0.01101,1,0.865577,602370
1800000,0.99328,0.00672,1,0.9375,597818
2100000,0.99606,0.00394,1,0.951777,597942
2400000,0.99716,0.00284,1,0.971831,600442
