delay,pi_A,pi_O,w_A,w_O,avg_block_interval
2700000,0.998,0.002,1,0.98,602430
3000000,0.99889,0.00111,1,1,599473
3300000,0.99933,0.00067,1,1,600411
3600000,0.99946,0.00054,1,1,601994
3900000,0.9997,0.0003,1,1,600754
4200000,0.99987,0.00013,1,1,599986
4500000,0.99991,9e-05,1,1,601076
4800000,0.99997,3e-05,1,1,596157
