delay,pi_A,pi_O,w_A,w_O,avg_block_interval
5100000,0.93584,0.06416,0.999925,0.906484,599678
5400000,0.94462,0.05538,0.999968,0.916938,600547
5700000,0.95322,0.04678,0.999969,0.932236,600172
6000000,0.9599,0.0401,0.999958,0.937406,603123
