{
  "metadata": {
    "variable": "r_A",
    "T_type": "Actual T (avg_block_interval)",
    "alpha_fixed": 0.5,
    "generated_at": "2025-09-21T02:54:29.455155",
    "description": "r_A data with Actual T (avg_block_interval) grouped by delay values"
  },
  "delay_groups": {
    "1500.0": {
      "eth_adjustment": {
        "Delta": 1500.0,
        "T_used": 14378.0,
        "Delta_over_T": 0.1043260536931423,
        "r_A": 0.52596
      }
    },
    "1666.0": {
      "eth_adjustment": {
        "Delta": 1666.0,
        "T_used": 14332.5,
        "Delta_over_T": 0.11623931623931624,
        "r_A": 0.53258
      }
    },
    "1875.0": {
      "eth_adjustment": {
        "Delta": 1875.0,
        "T_used": 14324.7,
        "Delta_over_T": 0.1308927935663574,
        "r_A": 0.53257
      }
    },
    "2142.0": {
      "eth_adjustment": {
        "Delta": 2142.0,
        "T_used": 14285.1,
        "Delta_over_T": 0.149946447697251,
        "r_A": 0.53785
      }
    },
    "2500.0": {
      "eth_adjustment": {
        "Delta": 2500.0,
        "T_used": 14224.4,
        "Delta_over_T": 0.1757543376170524,
        "r_A": 0.54665
      }
    },
    "3000.0": {
      "eth_adjustment": {
        "Delta": 3000.0,
        "T_used": 14154.0,
        "Delta_over_T": 0.21195421788893598,
        "r_A": 0.55155
      }
    },
    "3750.0": {
      "eth_adjustment": {
        "Delta": 3750.0,
        "T_used": 13996.4,
        "Delta_over_T": 0.26792603812408905,
        "r_A": 0.56892
      }
    },
    "5000.0": {
      "eth_adjustment": {
        "Delta": 5000.0,
        "T_used": 13700.8,
        "Delta_over_T": 0.36494219315660403,
        "r_A": 0.59338
      }
    },
    "7500.0": {
      "eth_adjustment": {
        "Delta": 7500.0,
        "T_used": 12919.7,
        "Delta_over_T": 0.580508835344474,
        "r_A": 0.646
      }
    },
    "15000.0": {
      "eth_adjustment": {
        "Delta": 15000.0,
        "T_used": 11184.8,
        "Delta_over_T": 1.3411057864244333,
        "r_A": 0.8103
      }
    },
    "22500.0": {
      "eth_adjustment": {
        "Delta": 22500.0,
        "T_used": 10000.4,
        "Delta_over_T": 2.2499100035998563,
        "r_A": 0.92005
      }
    },
    "30000.0": {
      "eth_adjustment": {
        "Delta": 30000.0,
        "T_used": 9361.78,
        "Delta_over_T": 3.2045187987754464,
        "r_A": 0.97181
      }
    },
    "37500.0": {
      "eth_adjustment": {
        "Delta": 37500.0,
        "T_used": 8970.54,
        "Delta_over_T": 4.180350346801864,
        "r_A": 0.98932
      }
    },
    "45000.0": {
      "eth_adjustment": {
        "Delta": 45000.0,
        "T_used": 8584.33,
        "Delta_over_T": 5.2421097511395764,
        "r_A": 0.99667
      }
    },
    "52500.0": {
      "eth_adjustment": {
        "Delta": 52500.0,
        "T_used": 8247.17,
        "Delta_over_T": 6.365820032811255,
        "r_A": 0.99892
      }
    },
    "60000.0": {
      "no_adjustment": {
        "Delta": 60000.0,
        "T_used": 598715.0,
        "Delta_over_T": 0.10021462632471209,
        "r_A": 0.52318
      },
      "btc_adjustment": {
        "Delta": 60000.0,
        "T_used": 556898.0,
        "Delta_over_T": 0.10773965789067298,
        "r_A": 0.52807
      },
      "eth_adjustment": {
        "Delta": 60000.0,
        "T_used": 7968.75,
        "Delta_over_T": 7.529411764705882,
        "r_A": 0.99966
      }
    },
    "66666.0": {
      "no_adjustment": {
        "Delta": 66666.0,
        "T_used": 601950.0,
        "Delta_over_T": 0.11075006229753302,
        "r_A": 0.52564
      },
      "btc_adjustment": {
        "Delta": 66666.0,
        "T_used": 552310.0,
        "Delta_over_T": 0.1207039524904492,
        "r_A": 0.53111
      }
    },
    "67500.0": {
      "eth_adjustment": {
        "Delta": 67500.0,
        "T_used": 7774.02,
        "Delta_over_T": 8.682766445159647,
        "r_A": 0.99991
      }
    },
    "75000.0": {
      "no_adjustment": {
        "Delta": 75000.0,
        "T_used": 599993.0,
        "Delta_over_T": 0.12500145835034743,
        "r_A": 0.53086
      },
      "btc_adjustment": {
        "Delta": 75000.0,
        "T_used": 548537.0,
        "Delta_over_T": 0.13672733106426732,
        "r_A": 0.53401
      },
      "eth_adjustment": {
        "Delta": 75000.0,
        "T_used": 7628.46,
        "Delta_over_T": 9.831604281860297,
        "r_A": 0.99993
      }
    },
    "82500.0": {
      "eth_adjustment": {
        "Delta": 82500.0,
        "T_used": 7486.79,
        "Delta_over_T": 11.019408852124876,
        "r_A": 0.99998
      }
    },
    "85714.0": {
      "no_adjustment": {
        "Delta": 85714.0,
        "T_used": 600730.0,
        "Delta_over_T": 0.14268306893279842,
        "r_A": 0.53908
      },
      "btc_adjustment": {
        "Delta": 85714.0,
        "T_used": 540270.0,
        "Delta_over_T": 0.15865030447739092,
        "r_A": 0.5408
      }
    },
    "90000.0": {
      "eth_adjustment": {
        "Delta": 90000.0,
        "T_used": 7460.92,
        "Delta_over_T": 12.062855519158495,
        "r_A": 0.99999
      }
    },
    "97500.0": {
      "eth_adjustment": {
        "Delta": 97500.0,
        "T_used": 7410.47,
        "Delta_over_T": 13.157060213454747,
        "r_A": 0.99998
      }
    },
    "100000.0": {
      "no_adjustment": {
        "Delta": 100000.0,
        "T_used": 598925.0,
        "Delta_over_T": 0.16696581374963476,
        "r_A": 0.54293
      },
      "btc_adjustment": {
        "Delta": 100000.0,
        "T_used": 530952.0,
        "Delta_over_T": 0.18834094230740256,
        "r_A": 0.55095
      }
    },
    "105000.0": {
      "eth_adjustment": {
        "Delta": 105000.0,
        "T_used": 7357.52,
        "Delta_over_T": 14.271113092455066,
        "r_A": 0.99999
      }
    },
    "112500.0": {
      "eth_adjustment": {
        "Delta": 112500.0,
        "T_used": 7336.47,
        "Delta_over_T": 15.334350171131348,
        "r_A": 0.99999
      }
    },
    "120000.0": {
      "no_adjustment": {
        "Delta": 120000.0,
        "T_used": 600146.0,
        "Delta_over_T": 0.19995134517267465,
        "r_A": 0.55117
      },
      "btc_adjustment": {
        "Delta": 120000.0,
        "T_used": 517751.0,
        "Delta_over_T": 0.23177164312574963,
        "r_A": 0.55958
      },
      "eth_adjustment": {
        "Delta": 120000.0,
        "T_used": 7318.01,
        "Delta_over_T": 16.39790052213648,
        "r_A": 0.99999
      }
    },
    "127500.0": {
      "eth_adjustment": {
        "Delta": 127500.0,
        "T_used": 7291.4,
        "Delta_over_T": 17.48635378665277,
        "r_A": 0.99998
      }
    },
    "135000.0": {
      "eth_adjustment": {
        "Delta": 135000.0,
        "T_used": 7285.9,
        "Delta_over_T": 18.52893945840596,
        "r_A": 0.99999
      }
    },
    "142500.0": {
      "eth_adjustment": {
        "Delta": 142500.0,
        "T_used": 7295.27,
        "Delta_over_T": 19.533204391338497,
        "r_A": 0.99999
      }
    },
    "150000.0": {
      "no_adjustment": {
        "Delta": 150000.0,
        "T_used": 597898.0,
        "Delta_over_T": 0.25087891245663974,
        "r_A": 0.56595
      },
      "btc_adjustment": {
        "Delta": 150000.0,
        "T_used": 499317.0,
        "Delta_over_T": 0.30041036055251474,
        "r_A": 0.57624
      },
      "eth_adjustment": {
        "Delta": 150000.0,
        "T_used": 7291.52,
        "Delta_over_T": 20.571842359343457,
        "r_A": 0.99999
      }
    },
    "200000.0": {
      "no_adjustment": {
        "Delta": 200000.0,
        "T_used": 600868.0,
        "Delta_over_T": 0.3328518077181677,
        "r_A": 0.58421
      },
      "btc_adjustment": {
        "Delta": 200000.0,
        "T_used": 469276.0,
        "Delta_over_T": 0.4261884264270919,
        "r_A": 0.60493
      }
    },
    "300000.0": {
      "no_adjustment": {
        "Delta": 300000.0,
        "T_used": 599639.0,
        "Delta_over_T": 0.5003010144436902,