delay,pi_A,pi_O,w_A,w_O
300000,0.17709,0.82291,0.983568,0.0162958
600000,0.1888,0.8112,0.96446,0.0364522
900000,0.20655,0.79345,0.950617,0.0579243
1200000,0.22657,0.77343,0.935517,0.0845067
1500000,0.25041,0.74959,0.923086,0.108473
1800000,0.26904,0.73096,0.913433,0.133742
2100000,0.29082,0.70918,0.895365,0.155038
2400000,0.31095,0.68905,0.89233,0.180945
