delay,pi_A,pi_O,w_A,w_O,avg_block_interval
300000,0.56895,0.43105,0.999842,0.136968,599639
600000,0.64214,0.35786,0.999907,0.28472,599968
900000,0.71415,0.28585,0.999874,0.423509,599075
1200000,0.77368,0.22632,0.999884,0.548869,599440
1500000,0.82633,0.17367,0.999855,0.64968,599754
1800000,0.86514,0.13486,0.999977,0.729646,601005
2100000,0.8972,0.1028,0.999955,0.797471,599153
2400000,0.92069,0.07931,0.999967,0.842769,599373
