delay,pi_A,pi_O,w_A,w_O
2100000,0.99564,0.00436,1,0.96789
2400000,0.99725,0.00275,1,0.952727
2700000,0.99841,0.00159,1,0.974843
3000000,0.99891,0.00109,1,0.990826
3300000,0.99943,0.00057,1,1
3600000,0.99957,0.00043,1,1
3900000,0.99968,0.00032,1,1
