delay,pi_A,pi_O,w_A,w_O,avg_block_interval
5100000,0.97691,0.02309,0.998198,0.866609,175309
5400000,0.98207,0.01793,0.999033,0.825432,176227
5700000,0.98599,0.01401,0.998945,0.831549,176131
6000000,0.98808,0.01192,0.999383,0.855705,176090
