delay,pi_A,pi_O,w_A,w_O,avg_block_interval
3000000,0.24514,0.75486,0.995064,0.162971,599222
3300000,0.26766,0.73234,0.994769,0.185611,600271
3600000,0.29018,0.70982,0.994038,0.212575,600414
3900000,0.31854,0.68146,0.994224,0.243154,600544
4200000,0.34371,0.65629,0.994181,0.271648,601153
4500000,0.36873,0.63127,0.99463,0.294438,600752
4800000,0.39538,0.60462,0.994866,0.328372,600227
5100000,0.42026,0.57974,0.994575,0.35578,599823
