delay,pi_A,pi_O,w_A,w_O,avg_block_interval
60000,0.51022,0.48978,0.99998,0.0265017,598715
66666,0.51162,0.48838,0.99998,0.0287276,601950
75000,0.51498,0.48502,0.999981,0.0327822,599993
85714,0.52092,0.47908,1,0.037906,600730
100000,0.52162,0.47838,0.999904,0.0446507,598925
120000,0.52558,0.47442,0.999962,0.0540028,600146
150000,0.53469,0.46531,0.999888,0.06731,597898
200000,0.54393,0.45607,0.999871,0.0884952,600868
