delay,pi_A,pi_O,w_A,w_O,avg_block_interval
300000,0.3155,0.6845,0.95401,0.0687655,376263
600000,0.41238,0.58762,0.91326,0.211191,254025
900000,0.527,0.473,0.91351,0.351374,209365
1200000,0.62592,0.37408,0.933746,0.459714,192327
1500000,0.70079,0.29921,0.947816,0.540055,184522
1800000,0.76348,0.23652,0.961964,0.621766,180404
