delay,pi_A,pi_O,w_A,w_O
127500,0.9998,0.0002,1,0.95
135000,0.99992,8e-05,1,1
142500,0.99993,7e-05,1,1
150000,0.99996,4e-05,1,1
