delay,pi_A,pi_O,w_A,w_O
4200000,0.9991,0.0009,1,0.988889
4500000,0.99954,0.00046,1,1
4800000,0.99957,0.00043,1,1
5100000,0.99972,0.00028,1,1
5400000,0.99984,0.00016,1,1
5700000,0.99982,0.00018,1,1
6000000,0.99991,9e-05,1,1
