delay,pi_A,pi_O,w_A,w_O,avg_block_interval
60000,0.30723,0.69277,0.999967,0.00980123,596122
66666,0.30945,0.69055,0.999935,0.010774,599576
75000,0.30695,0.69305,0.999967,0.0120626,600627
85714,0.3101,0.6899,0.999903,0.0137266,600874
100000,0.31168,0.68832,0.999968,0.0163006,600592
120000,0.31576,0.68424,0.99981,0.0183561,598804
150000,0.31546,0.68454,0.999842,0.0245274,602981
200000,0.32297,0.67703,0.999876,0.0324062,599263
