delay,pi_A,pi_O,w_A,w_O,avg_block_interval
2700000,0.75777,0.24223,0.999749,0.653181,599408
3000000,0.79679,0.20321,0.999661,0.703558,599235
3300000,0.82659,0.17341,0.999758,0.753763,600211
3600000,0.85244,0.14756,0.999789,0.783207,601703
3900000,0.87269,0.12731,0.999805,0.823659,601715
4200000,0.89356,0.10644,0.999922,0.849962,597861
4500000,0.91012,0.08988,0.999923,0.878838,599913
4800000,0.92444,0.07556,0.999913,0.89558,600657
