delay,pi_A,pi_O,w_A,w_O
4200000,0.99982,0.00018,1,1
4500000,0.99992,8e-05,1,1
4800000,0.9999,0.0001,1,1
5100000,0.99997,3e-05,1,1
5400000,0.99998,2e-05,1,1
5700000,0.99998,2e-05,1,1
6000000,0.99998,2e-05,1,1
