delay,pi_A,pi_O,w_A,w_O
2700000,0.22259,0.77741,0.995283,0.136543
3000000,0.24593,0.75407,0.995161,0.162995
3300000,0.26873,0.73127,0.995311,0.187783
3600000,0.29328,0.70672,0.994681,0.21321
3900000,0.3219,0.6781,0.994408,0.244286
4200000,0.34609,0.65391,0.994944,0.273432
4500000,0.36875,0.63125,0.994766,0.294907
4800000,0.39504,0.60496,0.995038,0.328947
