delay,pi_A,pi_O,w_A,w_O,avg_block_interval,avg_mainchain_interval
2700000,0.53707,0.46293,0.918167,0.364958,600010,1.78137e+06
3000000,0.56063,0.43937,0.917949,0.390832,600965,1.83678e+06
