delay,pi_A,pi_O,w_A,w_O
67500,0.99337,0.00663,1,0.983409
75000,0.99553,0.00447,1,0.982103
82500,0.99754,0.00246,1,0.995935
90000,0.99845,0.00155,1,1
97500,0.999,0.001,1,1
105000,0.9994,0.0006,1,0.983333
112500,0.99962,0.00038,1,1
120000,0.99974,0.00026,1,1
