delay,pi_A,pi_O,w_A,w_O,avg_block_interval,avg_mainchain_interval
3300000,0.58521,0.41479,0.922865,0.42178,600327,1.88045e+06
3600000,0.61162,0.38838,0.929662,0.446753,597653,1.89707e+06
3900000,0.62963,0.37037,0.935168,0.475254,599689,1.94473e+06
4200000,0.65628,0.34372,0.936171,0.499535,601930,1.97443e+06
4500000,0.67256,0.32744,0.940704,0.520614,601973,1.99714e+06
4800000,0.69639,0.30361,0.946697,0.547215,600080,2.01857e+06
5100000,0.71001,0.28999,0.951325,0.564537,600116,2.03815e+06
5400000,0.73615,0.26385,0.955553,0.592003,599145,2.0352e+06
