delay,pi_A,pi_O,w_A,w_O
5100000,0.46004,0.53996,0.859034,0.295429
5400000,0.46914,0.53086,0.861214,0.304525
5700000,0.48468,0.51532,0.860506,0.316949
6000000,0.48668,0.51332,0.858079,0.318593
