delay,pi_A,pi_O,w_A,w_O
60000,0.5,0.5,0.9984,0.0236
120000,0.533,0.4525,0.998124,0.0603315
600000,0.701,0.2845,0.993581,0.392619
3000000,0.9687,0.0168,0.999897,0.928571
6000000,0.9841,0.0014,1,1
