delay,pi_A,pi_O,w_A,w_O,avg_block_interval
7500,0.57903,0.42097,0.99981,0.15937,12919.7
15000,0.69193,0.30807,0.999928,0.384426,11184.8
22500,0.80067,0.19933,0.999913,0.599258,10000.4
30000,0.88075,0.11925,0.999909,0.764361,9361.78
37500,0.92867,0.07133,1,0.850414,8970.54
45000,0.95907,0.04093,1,0.918886,8584.33
52500,0.97755,0.02245,1,0.952339,8247.17
60000,0.98735,0.01265,0.99999,0.974704,7968.75
