{
  "metadata": {
    "variable": "r_A",
    "T_type": "Target T",
    "alpha_fixed": 0.5,
    "generated_at": "2025-09-15T02:07:13.145521",
    "description": "r_A data with Target T grouped by delay values"
  },
  "delay_groups": {
    "1500.0": {
      "eth_adjustment": {
        "Delta": 1500.0,
        "T_used": 15000.0,
        "Delta_over_T": 0.1,
        "r_A": 0.52596
      }
    },
    "1666.0": {
      "eth_adjustment": {
        "Delta": 1666.0,
        "T_used": 15000.0,
        "Delta_over_T": 0.11106666666666666,
        "r_A": 0.53258
      }
    },
    "1875.0": {
      "eth_adjustment": {
        "Delta": 1875.0,
        "T_used": 15000.0,
        "Delta_over_T": 0.125,
        "r_A": 0.53257
      }
    },
    "2142.0": {
      "eth_adjustment": {
        "Delta": 2142.0,
        "T_used": 15000.0,
        "Delta_over_T": 0.1428,
        "r_A": 0.53785
      }
    },
    "2500.0": {
      "eth_adjustment": {
        "Delta": 2500.0,
        "T_used": 15000.0,
        "Delta_over_T": 0.16666666666666666,
        "r_A": 0.54665
      }
    },
    "3000.0": {
      "eth_adjustment": {
        "Delta": 3000.0,
        "T_used": 15000.0,
        "Delta_over_T": 0.2,
        "r_A": 0.55155
      }
    },
    "3750.0": {
      "eth_adjustment": {
        "Delta": 3750.0,
        "T_used": 15000.0,
        "Delta_over_T": 0.25,
        "r_A": 0.56892
      }
    },
    "5000.0": {
      "eth_adjustment": {
        "Delta": 5000.0,
        "T_used": 15000.0,
        "Delta_over_T": 0.3333333333333333,
        "r_A": 0.59338
      }
    },
    "7500.0": {
      "eth_adjustment": {
        "Delta": 7500.0,
        "T_used": 15000.0,
        "Delta_over_T": 0.5,
        "r_A": 0.646
      }
    },
    "15000.0": {
      "eth_adjustment": {
        "Delta": 15000.0,
        "T_used": 15000.0,
        "Delta_over_T": 1.0,
        "r_A": 0.8103
      }
    },
    "22500.0": {
      "eth_adjustment": {
        "Delta": 22500.0,
        "T_used": 15000.0,
        "Delta_over_T": 1.5,
        "r_A": 0.92005
      }
    },
    "30000.0": {
      "eth_adjustment": {
        "Delta": 30000.0,
        "T_used": 15000.0,
        "Delta_over_T": 2.0,
        "r_A": 0.97181
      }
    },
    "37500.0": {
      "eth_adjustment": {
        "Delta": 37500.0,
        "T_used": 15000.0,
        "Delta_over_T": 2.5,
        "r_A": 0.98932
      }
    },
    "45000.0": {
      "eth_adjustment": {
        "Delta": 45000.0,
        "T_used": 15000.0,
        "Delta_over_T": 3.0,
        "r_A": 0.99667
      }
    },
    "52500.0": {
      "eth_adjustment": {
        "Delta": 52500.0,
        "T_used": 15000.0,
        "Delta_over_T": 3.5,
        "r_A": 0.99892
      }
    },
    "60000.0": {
      "no_adjustment": {
        "Delta": 60000.0,
        "T_used": 600000.0,
        "Delta_over_T": 0.1,
        "r_A": 0.52318
      },
      "btc_adjustment": {
        "Delta": 60000.0,
        "T_used": 600000.0,
        "Delta_over_T": 0.1,
        "r_A": 0.52807
      },
      "eth_adjustment": {
        "Delta": 60000.0,
        "T_used": 15000.0,
        "Delta_over_T": 4.0,
        "r_A": 0.99966
      }
    },
    "66666.0": {
      "no_adjustment": {
        "Delta": 66666.0,
        "T_used": 600000.0,
        "Delta_over_T": 0.11111,
        "r_A": 0.52564
      },
      "btc_adjustment": {
        "Delta": 66666.0,
        "T_used": 600000.0,
        "Delta_over_T": 0.11111,
        "r_A": 0.53111
      }
    },
    "67500.0": {
      "eth_adjustment": {
        "Delta": 67500.0,
        "T_used": 15000.0,
        "Delta_over_T": 4.5,
        "r_A": 0.99991
      }
    },
    "75000.0": {
      "no_adjustment": {
        "Delta": 75000.0,
        "T_used": 600000.0,
        "Delta_over_T": 0.125,
        "r_A": 0.53086
      },
      "btc_adjustment": {
        "Delta": 75000.0,
        "T_used": 600000.0,
        "Delta_over_T": 0.125,
        "r_A": 0.53401
      },
      "eth_adjustment": {
        "Delta": 75000.0,
        "T_used": 15000.0,
        "Delta_over_T": 5.0,
        "r_A": 0.99993
      }
    },
    "82500.0": {
      "eth_adjustment": {
        "Delta": 82500.0,
        "T_used": 15000.0,
        "Delta_over_T": 5.5,
        "r_A": 0.99998
      }
    },
    "85714.0": {
      "no_adjustment": {
        "Delta": 85714.0,
        "T_used": 600000.0,
        "Delta_over_T": 0.14285666666666666,
        "r_A": 0.53908
      },
      "btc_adjustment": {
        "Delta": 85714.0,
        "T_used": 600000.0,
        "Delta_over_T": 0.14285666666666666,
        "r_A": 0.5408
      }
    },
    "90000.0": {
      "eth_adjustment": {
        "Delta": 90000.0,
        "T_used": 15000.0,
        "Delta_over_T": 6.0,
        "r_A": 0.99999
      }
    },
    "97500.0": {
      "eth_adjustment": {
        "Delta": 97500.0,
        "T_used": 15000.0,
        "Delta_over_T": 6.5,
        "r_A": 0.99998
      }
    },
    "100000.0": {
      "no_adjustment": {
        "Delta": 100000.0,
        "T_used": 600000.0,
        "Delta_over_T": 0.16666666666666666,
        "r_A": 0.54293
      },
      "btc_adjustment": {
        "Delta": 100000.0,
        "T_used": 600000.0,
        "Delta_over_T": 0.16666666666666666,
        "r_A": 0.55095
      }
    },
    "105000.0": {
      "eth_adjustment": {
        "Delta": 105000.0,
        "T_used": 15000.0,
        "Delta_over_T": 7.0,
        "r_A": 0.99999
      }
    },
    "112500.0": {
      "eth_adjustment": {
        "Delta": 112500.0,
        "T_used": 15000.0,
        "Delta_over_T": 7.5,
        "r_A": 0.99999
      }
    },
    "120000.0": {
      "no_adjustment": {
        "Delta": 120000.0,
        "T_used": 600000.0,
        "Delta_over_T": 0.2,
        "r_A": 0.55117
      },
      "btc_adjustment": {
        "Delta": 120000.0,
        "T_used": 600000.0,
        "Delta_over_T": 0.2,
        "r_A": 0.55958
      },
      "eth_adjustment": {
        "Delta": 120000.0,
        "T_used": 15000.0,
        "Delta_over_T": 8.0,
        "r_A": 0.99999
      }
    },
    "127500.0": {
      "eth_adjustment": {
        "Delta": 127500.0,
        "T_used": 15000.0,
        "Delta_over_T": 8.5,
        "r_A": 0.99998
      }
    },
    "135000.0": {
      "eth_adjustment": {
        "Delta": 135000.0,
        "T_used": 15000.0,
        "Delta_over_T": 9.0,
        "r_A": 0.99999
      }
    },
    "142500.0": {
      "eth_adjustment": {
        "Delta": 142500.0,
        "T_used": 15000.0,
        "Delta_over_T": 9.5,
        "r_A": 0.99999
      }
    },
    "150000.0": {
      "no_adjustment": {
        "Delta": 150000.0,
        "T_used": 600000.0,
        "Delta_over_T": 0.25,
        "r_A": 0.56595
      },
      "btc_adjustment": {
        "Delta": 150000.0,
        "T_used": 600000.0,
        "Delta_over_T": 0.25,
        "r_A": 0.57624
      },
      "eth_adjustment": {
        "Delta": 150000.0,
        "T_used": 15000.0,
        "Delta_over_T": 10.0,
        "r_A": 0.99999
      }
    },
    "200000.0": {
      "no_adjustment": {
        "Delta": 200000.0,
        "T_used": 600000.0,
        "Delta_over_T": 0.3333333333333333,
        "r_A": 0.58421
      },
      "btc_adjustment": {
        "Delta": 200000.0,
        "T_used": 600000.0,
        "Delta_over_T": 0.3333333333333333,
        "r_A": 0.60493
      }
    },
    "300000.0": {
      "no_adjustment": {
        "Delta": 300000.0,
        "T_used": 600000.0,
        "Delta_over_T": 0.5,
        "r_A": 0.62789
      },
      "btc_adjustment": {
        "Delta": 300000.0,
        "T_used": 600000.0,
        "Delta_over_T": 0.5,
        "r_A": 0.68173
      }
    },
    "600000.0": {
      "no_adjustment": {
        "Delta": 600000.0,
        "T_used": 600000.0,
        "Delta_over_T": 1.0,
        "r_A": 0.74396
      },
      "btc_adjustment": {
        "Delta": 600000.0,
        "T_used": 600000.0,
        "Delta_over_T": 1.0,
        "r_A": 0.87283
      }
    },
    "900000.0": {
      "no_adjustment": {
        "Delta": 900000.0,