delay,pi_A,pi_O,w_A,w_O
60000,0.90773,0.09227,1,0.0778151
66666,0.90817,0.09183,1,0.0857018
75000,0.90924,0.09076,1,0.0986117
85714,0.9095,0.0905,1,0.10663
100000,0.91303,0.08697,1,0.12947
120000,0.91418,0.08582,1,0.152062
150000,0.91732,0.08268,0.999989,0.193396
