delay,pi_A,pi_O,w_A,w_O
60000,0.51419,0.48581,0.999747,0.027624
