delay,pi_A,pi_O,w_A,w_O,avg_block_interval,avg_mainchain_interval
2700000,0.53707,0.46293,0.918167,0.364958,600010,1.78137e+06
3000000,0.56063,0.43937,0.917949,0.390832,600965,1.83678e+06
3300000,0.58206,0.41794,0.921073,0.414461,599300,1.87555e+06
5700000,0.74735,0.25265,0.958547,0.613893,600335,2.05612e+06
6000000,0.75915,0.24085,0.961839,0.614532,601073,2.07611e+06
