delay,pi_A,pi_O,w_A,w_O
5400000,0.88767,0.11233,0.982077,0.722069
5700000,0.90504,0.09496,0.984796,0.754844
6000000,0.91381,0.08679,0.99037,0.805162
