delay,pi_A,pi_O,w_A,w_O
200000,0.55748,0.44252,0.99991,0.115181
300000,0.602,0.398,0.9999,0.201432
600000,0.74684,0.25316,0.99992,0.4889
900000,0.85479,0.14521,0.999906,0.705943
1200000,0.91622,0.08378,0.999902,0.828718
1500000,0.95055,0.04945,0.999947,0.896461
1800000,0.97127,0.02873,0.99999,0.924121
