delay,pi_A,pi_O,w_A,w_O,avg_block_interval
300000,0.33584,0.66416,0.999821,0.0528487,599404
600000,0.38503,0.61497,0.999714,0.122591,600597
900000,0.4404,0.5596,0.999387,0.20352,599529
1200000,0.50377,0.49623,0.999444,0.285231,600971
1500000,0.55705,0.44295,0.999408,0.3681,601480
1800000,0.6188,0.3812,0.999273,0.451836,599518
2100000,0.6681,0.3319,0.999611,0.527749,600939
2400000,0.71482,0.28518,0.999608,0.595448,599533
