delay,pi_A,pi_O,w_A,w_O
1500,0.51217,0.48783,0.999941,0.0275711
1666,0.51624,0.48376,0.999903,0.03202
1875,0.51571,0.48429,1,0.035041
2142,0.52163,0.47837,0.999981,0.0435228
2500,0.52381,0.47619,1,0.04977
3000,0.53095,0.46905,0.999962,0.0616352
3750,0.5393,0.4607,0.999926,0.0794226
5000,0.55483,0.44517,0.999928,0.115192
