delay,pi_A,pi_O,w_A,w_O
120000,0.99973,0.00027,1,0.962963
